originId,firstName,lastName,email,company,active,zipcode,city,street,countryCode,locationLat,locationLon,vatId,phoneNumber,shopUrl
1,Caroljean,Benaine,cbenaine0@newsvine.com,Dynava,false,40225,Düsseldorf,83 Truax Terrace,DE,51.1974375,6.7898817,468-33-0118,341-448-5087,
2,Caryl,Connechie,cconnechie1@craigslist.org,Teklist,true,90451,Nürnberg,2006 Katie Avenue,DE,49.4025357,11.0502709,458-23-4604,990-414-9876,
3,Lynda,Bartlomieczak,lbartlomieczak2@cdbaby.com,Shufflebeat,true,63073,Offenbach,480 Walton Pass,DE,50.0809432,8.8107219,861-71-1062,872-355-4233,https://homestead.com
4,Gorden,Tomkys,gtomkys3@oaic.gov.au,Flashset,false,06126,Halle,3 Petterle Parkway,DE,51.4790619,11.9027428,733-80-8507,709-541-1629,http://webeden.co.uk
5,Samara,Brunke,sbrunke4@hugedomains.com,Voonix,true,22111,Hamburg,8 Bonner Drive,DE,53.5483785,10.078217,227-06-6189,476-866-9002,http://google.co.jp
6,Bobbe,Dikes,bdikes5@msu.edu,Oyonder,true,60549,Frankfurt am Main,2 Elgar Way,DE,50.041381,8.5800547,210-86-9008,737-898-6788,
7,Felicity,Duncan,fduncan6@earthlink.net,Quinu,true,81543,München,87 Oakridge Street,DE,48.1127929,11.5681872,825-18-7415,542-182-6986,
8,Angie,Bolzen,abolzen7@gnu.org,Zoomcast,,30453,Hannover,109 Carberry Crossing,DE,52.3723858,9.6890537,242-73-8310,820-221-3681,http://google.pl
9,Lesly,Baynon,lbaynon8@upenn.edu,Dynazzy,,80686,München,2143 Straubel Terrace,DE,48.1288628,11.5089621,181-85-6580,310-108-3292,http://quantcast.com
10,Amalea,Moxley,amoxley9@furl.net,Babbleopia,false,99089,Erfurt,0 Almo Plaza,DE,50.9977219,11.0137723,163-95-3297,575-780-0897,
11,Karissa,Connor,kconnora@tmall.com,Quinu,false,44143,Dortmund,4785 Sachtjen Way,DE,51.5195303,7.5123813,105-85-0938,110-347-2643,
12,Sophie,Riggert,sriggertb@smh.com.au,Digitube,false,45141,Essen,87 North Point,DE,51.4780256,7.0328812,486-01-1019,859-242-5568,
13,Catharine,Haskins,chaskinsc@merriam-webster.com,Bluezoom,false,51149,Köln,9507 Warrior Court,DE,50.9093945,7.0486698,878-27-8738,829-502-8487,https://vk.com
14,Lindy,Seymer,lseymerd@pbs.org,Skipstorm,true,90411,Nürnberg,9289 Moulton Center,DE,49.4904742,11.0986834,145-14-1750,370-545-5486,http://apache.org
15,Bambie,Springtorp,bspringtorpe@stumbleupon.com,Twinder,true,22453,Hamburg,85 Clarendon Terrace,DE,53.6125259,9.9659855,615-74-1798,984-247-9283,
16,Mae,Brodley,mbrodleyf@taobao.com,Yadel,false,74080,Heilbronn,5519 Lighthouse Bay Junction,DE,49.1376432,9.1776059,514-11-9865,360-967-6687,
17,Tamma,Rochford,trochfordg@t-online.de,Fiveclub,true,09116,Chemnitz,88 Jay Terrace,DE,50.8290179,12.872972,111-78-7791,487-529-7993,
18,Catlin,Fountain,cfountainh@pbs.org,Fivespan,,67067,Ludwigshafen am Rhein,66647 Texas Way,DE,49.4603474,8.402137,809-61-8000,752-617-9536,http://wunderground.com
19,Der,Jovey,djoveyi@spotify.com,Quatz,false,44629,Herne,29555 Sommers Plaza,DE,51.5491768,7.2092264,271-57-3456,173-167-0807,http://behance.net
20,Curran,Earles,cearlesj@eventbrite.com,Aimbu,true,21037,Hamburg,448 Armistice Drive,DE,53.4460678,10.1569956,730-72-4920,514-234-3436,
21,Vikki,Roggeman,vroggemank@networkadvertising.org,Voonder,,80804,München,52 Green Avenue,DE,48.1700928,11.5776824,363-56-6883,496-950-3744,
22,Lucia,Pinnegar,lpinnegarl@nytimes.com,Buzzbean,true,42659,Solingen,67539 Lyons Center,DE,51.1461168,7.1220857,349-26-3984,571-636-3791,
23,Alec,Arnal,aarnalm@desdev.cn,Feednation,false,12103,Berlin,6158 Ohio Crossing,DE,52.4639426,13.3728893,890-76-5604,999-131-8776,
24,Charlene,Bolgar,cbolgarn@nih.gov,Riffwire,true,04317,Leipzig,5554 Clove Place,DE,51.3303754,12.40504,163-63-4054,127-884-5893,
25,Neille,Beyne,nbeyneo@clickbank.net,Mynte,true,45141,Essen,207 Barnett Point,DE,51.4780256,7.0328812,327-97-3006,261-605-1864,
26,Thatcher,Matus,tmatusp@yelp.com,LiveZ,false,03055,Cottbus,5 Meadow Valley Avenue,DE,51.7941895,14.3056705,355-14-5326,266-584-9150,
27,Fallon,Hankard,fhankardq@salon.com,Fivechat,false,01189,Dresden,43051 Dapin Lane,DE,51.0144934,13.6972162,809-30-4900,294-754-7267,
28,Quintilla,Raffon,qraffonr@buzzfeed.com,Flashdog,,10587,Berlin,05 Dovetail Circle,DE,52.5170826,13.3236611,642-03-8367,735-376-8875,http://bloomberg.com
29,Archibold,Hurst,ahursts@mapy.cz,Kwinu,true,10409,Berlin,65 Bashford Alley,DE,52.5433958,13.4413606,639-35-3933,964-603-7331,
30,Liz,Bend,lbendt@google.ca,Blogspan,false,13409,Berlin,25 Fieldstone Center,DE,52.5693104,13.3714743,414-61-9171,447-908-2166,https://salon.com
31,Celeste,Seear,cseearu@topsy.com,Oyoyo,true,41199,Mönchengladbach,06 Florence Pass,DE,51.1329676,6.4449432,106-93-9431,747-767-3090,
32,Engracia,Hathaway,ehathawayv@studiopress.com,Meezzy,true,90480,Nürnberg,8096 Fairfield Park,DE,49.4418055,11.1234198,151-79-9086,958-300-5654,
33,Deane,Picardo,dpicardow@360.cn,Npath,true,68239,Mannheim,604 Sauthoff Junction,DE,49.4637092,8.560081,205-49-0120,568-840-6620,
34,Matti,Lacotte,mlacottex@cocolog-nifty.com,LiveZ,true,80686,München,36447 Cambridge Parkway,DE,48.1288628,11.5089621,840-27-6590,800-569-1506,
35,Katharina,Blomefield,kblomefieldy@blog.com,Linkbridge,true,20459,Hamburg Sankt Pauli,75 Sachtjen Place,DE,53.5472987,9.9778279,298-51-0648,342-577-0309,https://nih.gov
36,Lowe,Abrahmson,labrahmsonz@163.com,Centizu,true,70190,Stuttgart,0990 Cardinal Road,DE,48.7893977,9.1962771,283-42-2402,869-998-2758,http://answers.com
37,Guglielmo,MacKenny,gmackenny10@issuu.com,Dablist,false,35687,Dillenburg,256 Steensland Pass,DE,50.7218455,8.3073813,347-81-9619,494-315-5224,
38,Jenilee,O'Crigan,jocrigan11@europa.eu,Demimbu,true,20249,Hamburg Harvestehude,70258 Garrison Lane,DE,53.5900195,9.9897946,374-24-6777,844-353-1027,https://omniture.com
39,Zondra,Salkeld,zsalkeld12@psu.edu,Devbug,,23568,Lübeck,6734 Kingsford Trail,DE,53.903083,10.7533775,458-06-7851,498-987-7861,https://wikimedia.org
40,Murvyn,Norquoy,mnorquoy13@yellowpages.com,Abatz,false,79114,Freiburg im Breisgau,162 Summerview Hill,DE,47.9963155,7.8107621,303-95-8324,788-833-9717,
41,Worth,Titchard,wtitchard14@nasa.gov,Jabbersphere,false,04109,Leipzig,653 Maryland Way,DE,51.3383504,12.3634475,485-34-9018,877-883-3558,https://taobao.com
42,Ramonda,Klimpke,rklimpke15@macromedia.com,Oyoyo,,34132,Kassel,59 Dayton Place,DE,51.2804955,9.4266475,275-54-8629,482-739-5445,
43,Atlante,Meadmore,ameadmore16@cargocollective.com,Oyope,true,22303,Hamburg Winterhude,79 Mitchell Circle,DE,53.5835808,10.020578,245-59-3991,365-751-7006,
44,Randy,Prescote,rprescote17@bloglovin.com,Dynabox,,20359,Hamburg,89 Dryden Court,DE,53.5511779,9.9641759,338-10-1267,875-264-6911,https://tiny.cc
45,Minnnie,Feander,mfeander18@cnet.com,Zoombeat,,41199,Mönchengladbach,169 Drewry Hill,DE,51.1329676,6.4449432,776-06-2782,205-717-5340,
46,Chick,Cyson,ccyson19@skype.com,Quaxo,,40225,Düsseldorf,8 Redwing Center,DE,51.1974375,6.7898817,369-94-3381,939-750-9182,
47,Fran,Raigatt,fraigatt1a@zdnet.com,Aimbo,true,22179,Hamburg,9 Briar Crest Crossing,DE,53.607925,10.0852568,551-74-7032,662-126-2503,
48,Marjie,Ottewill,mottewill1b@google.com.br,Edgeify,false,79114,Freiburg im Breisgau,475 Montana Junction,DE,47.9963155,7.8107621,396-38-4981,659-238-1105,http://etsy.com
49,Lusa,Killough,lkillough1c@blog.com,Flashdog,true,74080,Heilbronn,4699 Jackson Point,DE,49.1376432,9.1776059,507-10-0935,525-364-0286,
50,Austina,Francesch,afrancesch1d@desdev.cn,Zoomzone,true,55124,Mainz,7045 Rockefeller Road,DE,50.0022253,8.1937267,139-56-3577,570-707-8689,
51,Fair,Pieter,fpieter1e@webs.com,Meejo,false,47239,Duisburg,2 Clove Road,DE,51.3948213,6.6518329,240-49-7499,526-488-6023,
52,Janela,Findlater,jfindlater1f@eventbrite.com,Einti,false,70374,Stuttgart,8089 Cordelia Alley,DE,48.8096645,9.2415192,663-63-9738,540-448-7444,http://japanpost.jp
53,Adriena,Stanluck,astanluck1g@archive.org,Aimbu,false,48161,Münster,0 Stuart Terrace,DE,51.9601912,7.5468477,505-51-2119,351-608-7002,
54,Hunfredo,Joderli,hjoderli1h@fc2.com,Reallinks,,13409,Berlin,666 Basil Drive,DE,52.5693104,13.3714743,193-46-6165,552-197-9122,
55,Fernande,Greenalf,fgreenalf1i@unblog.fr,Katz,false,13599,Berlin,4 Mccormick Lane,DE,52.5485032,13.2385645,585-39-3778,597-564-5664,
56,Paddie,Caird,pcaird1j@businessweek.com,Photobug,true,04317,Leipzig,058 Village Terrace,DE,51.3303754,12.40504,897-31-8474,373-517-6072,
57,Tonie,Wilton,twilton1k@goo.ne.jp,Kwinu,true,38126,Braunschweig,8 Glendale Crossing,DE,52.2346447,10.5665003,171-31-9005,830-718-6416,http://webs.com
58,Cherilyn,Brunon,cbrunon1l@mayoclinic.com,Midel,,80686,München,601 Buena Vista Place,DE,48.1288628,11.5089621,299-73-6376,774-924-4978,
59,Dennie,O' Cuolahan,docuolahan1m@irs.gov,Mymm,false,44269,Dortmund,1706 Muir Avenue,DE,51.4918437,7.5319762,848-29-7185,777-654-0721,https://discovery.com
60,Helene,Musslewhite,hmusslewhite1n@wikia.com,Kamba,true,20249,Hamburg,05980 Center Street,DE,53.5900195,9.9897946,103-09-9129,140-809-6200,
61,Nikkie,Rainforth,nrainforth1o@skyrock.com,Zava,true,70190,Stuttgart,5554 Bellgrove Alley,DE,48.7893977,9.1962771,147-26-6259,217-212-5361,http://yellowbook.com
62,Ozzy,Caplin,ocaplin1p@bbb.org,Chatterbridge,false,12169,Berlin,29 Forest Run Point,DE,52.4555293,13.339803,649-57-4883,766-889-0040,
63,Giffard,Peskin,gpeskin1q@gizmodo.com,Livefish,false,22111,Hamburg,30 Shasta Plaza,DE,53.5483785,10.078217,503-30-2768,294-896-9997,
64,Dieter,Ebbles,debbles1r@abc.net.au,Riffpedia,,99089,Erfurt,89806 Jenifer Road,DE,50.9977219,11.0137723,440-06-6621,639-424-9402,https://washington.edu
65,Talbert,Toffoletto,ttoffoletto1s@hugedomains.com,Tazzy,false,01462,Dresden,29608 Holy Cross Terrace,DE,51.0845418,13.6458926,432-72-1917,670-623-9031,
66,Bryon,Larmuth,blarmuth1t@mit.edu,Yacero,true,01156,Dresden,56 Shasta Plaza,DE,51.085544,13.6276849,255-19-5102,139-890-5345,http://mlb.com
67,Amie,Caseley,acaseley1u@aboutads.info,Kwinu,false,30167,Hannover,0816 Debra Junction,DE,52.3863062,9.7156831,502-77-9849,200-117-6407,https://artisteer.com
68,Debra,Derrell,dderrell1v@hugedomains.com,Fiveclub,true,09123,Chemnitz,6 Sutherland Crossing,DE,50.7868675,12.8945945,251-63-1363,735-600-7307,
69,Bellanca,Cahillane,bcahillane1w@msn.com,Gabtype,,01189,Dresden,9 Thompson Pass,DE,51.0144934,13.6972162,658-05-6671,649-962-4278,https://unblog.fr
70,Keeley,Wolver,kwolver1x@goo.ne.jp,Twinder,false,44369,Dortmund,7 Stephen Parkway,DE,51.5353894,7.4091222,162-79-0128,843-187-8607,
71,Doris,Bolzmann,dbolzmann1y@ft.com,Aibox,true,45356,Essen,240 Bunting Avenue,DE,51.4923815,6.9694303,884-91-3539,275-299-7433,http://liveinternet.ru
72,Immanuel,Stanyforth,istanyforth1z@oaic.gov.au,Brainsphere,false,63456,Hanau,09106 Fairfield Pass,DE,50.104315,8.911141,484-69-6397,903-741-3747,http://fda.gov
73,Tabatha,Ludwig,tludwig20@adobe.com,Yodoo,false,97078,Würzburg,75 Kropf Trail,DE,49.8180135,9.9637931,180-13-4833,743-302-1816,
74,Norah,O'Corr,nocorr21@sogou.com,Eabox,false,53129,Bonn,59 Moulton Parkway,DE,50.7074591,7.1093481,825-72-8113,652-775-1190,
75,Rasla,Ruhben,rruhben22@upenn.edu,Zoombox,true,37217,Witzenhausen,708 Dahle Alley,DE,51.349366,9.7730968,661-18-2910,569-515-9922,
76,Latia,Bushe,lbushe23@comsenz.com,Thoughtworks,false,28355,Bremen,3646 Maple Wood Center,DE,53.0903178,8.9354031,719-40-9856,183-843-3636,https://hud.gov
77,Sigfried,Murrells,smurrells24@studiopress.com,Zava,false,20459,Hamburg Sankt Pauli,0 Sutherland Junction,DE,53.5472987,9.9778279,706-01-2425,604-539-3070,
78,Johnathon,Giovanni,jgiovanni25@yandex.ru,Topdrive,true,50733,Köln,76 Vahlen Crossing,DE,50.9648271,6.9538234,771-40-6723,751-848-3599,
79,Guss,Hutt,ghutt26@xrea.com,Myworks,true,22769,Hamburg,82 Merrick Way,DE,53.5662722,9.9471012,550-53-5685,308-700-6296,http://craigslist.org
80,Tonnie,Eddowis,teddowis27@wired.com,Layo,false,72768,Reutlingen,19937 Nancy Avenue,DE,48.5373555,9.2004305,352-49-3484,776-403-2322,
81,Chase,Lorent,clorent28@weebly.com,Quatz,false,63456,Hanau,8 Grayhawk Court,DE,50.104315,8.911141,485-79-3705,854-776-8465,
82,Wenda,O'Drought,wodrought29@google.co.jp,Rhycero,true,40225,Düsseldorf,1 Becker Lane,DE,51.1974375,6.7898817,769-54-9213,449-756-6150,
83,Norbert,Witheford,nwitheford2a@biglobe.ne.jp,Dynava,false,22453,Hamburg,5 Schurz Plaza,DE,53.6125259,9.9659855,760-98-7601,741-413-3692,
84,Marigold,Sebley,msebley2b@t-online.de,Realbuzz,false,12307,Berlin,0648 Bayside Junction,DE,52.3824851,13.3993839,515-87-1012,710-224-7555,http://i2i.jp
85,Shannah,Gready,sgready2c@bizjournals.com,Avamm,true,90411,Nürnberg,0 Raven Pass,DE,49.4904742,11.0986834,373-49-1565,600-446-3773,
86,Calla,Postgate,cpostgate2d@ask.com,Bluejam,,10409,Berlin,4280 Pearson Junction,DE,52.5433958,13.4413606,469-22-6032,340-385-4953,https://mozilla.com
87,Laurena,Deares,ldeares2e@npr.org,Skilith,,12437,Berlin,294 Brickson Park Pass,DE,52.4609077,13.4815474,550-18-5307,123-211-5734,http://who.int
88,Debor,Cooksley,dcooksley2f@businessweek.com,Chatterpoint,false,23568,Lübeck,071 La Follette Alley,DE,53.903083,10.7533775,484-76-0328,645-524-5215,
89,Chloris,Barbey,cbarbey2g@360.cn,Yoveo,false,28239,Bremen,1055 Lake View Junction,DE,53.132048,8.7398289,826-85-2722,833-452-8352,
90,Shermie,Rival,srival2h@networksolutions.com,Quinu,false,34132,Kassel,92244 Northview Trail,DE,51.2804955,9.4266475,168-57-2586,200-360-4074,
91,Blinny,De Minico,bdeminico2i@example.com,Meemm,true,72768,Reutlingen,0041 Hoffman Pass,DE,48.5373555,9.2004305,116-26-6156,617-923-3765,http://icq.com
92,Ammamaria,Ede,aede2j@cloudflare.com,Zooxo,,51149,Köln,71 Corben Road,DE,50.9093945,7.0486698,333-71-0695,626-872-4954,
93,Corty,Stuer,cstuer2k@geocities.jp,Youtags,true,45886,Gelsenkirchen,5 Farwell Plaza,DE,51.4964248,7.1215271,448-10-2665,444-720-3110,
94,Batsheva,Kenchington,bkenchington2l@discuz.net,Linkbuzz,false,04109,Leipzig,4973 Lunder Lane,DE,51.3383504,12.3634475,891-70-1575,406-663-1186,
95,Frederique,Sorsbie,fsorsbie2m@pinterest.com,Shufflester,true,39130,Magdeburg,96491 Springview Trail,DE,52.1557661,11.5721966,374-30-2192,625-979-1740,http://example.com
96,Alvan,Beminster,abeminster2n@cnbc.com,Thoughtworks,false,01156,Dresden,6448 Bobwhite Court,DE,51.085544,13.6276849,277-88-0166,545-291-1881,
97,Constancia,Stanyer,cstanyer2o@e-recht24.de,Vinte,true,39130,Magdeburg,05451 Packers Parkway,DE,52.1557661,11.5721966,844-44-0644,344-683-1377,
98,Adham,Geraldi,ageraldi2p@cbc.ca,Edgepulse,true,30167,Hannover,62 Karstens Lane,DE,52.3863062,9.7156831,577-12-3353,503-240-7478,http://alexa.com
99,Averil,Dayment,adayment2q@fda.gov,Zoomcast,,51149,Köln,1094 Sherman Crossing,DE,50.9093945,7.0486698,680-99-6959,689-499-1658,
100,Vito,Lillgard,vlillgard2r@squidoo.com,Fivespan,false,22111,Hamburg,60 Declaration Avenue,DE,53.5483785,10.078217,876-67-4519,376-951-7724,https://springer.com
101,Stan,Shouler,sshouler2s@privacy.gov.au,Oyope,false,40215,Düsseldorf,7 Forest Dale Trail,DE,51.2149435,6.7825598,109-48-4472,764-941-5079,
102,Beniamino,Hansom,bhansom2t@nytimes.com,Thoughtblab,true,12559,Berlin,473 Stang Parkway,DE,52.416925,13.6492904,131-36-9013,607-271-0679,
103,Kingston,Bunker,kbunker2u@dot.gov,Oyondu,false,63073,Offenbach,77282 Dottie Circle,DE,50.0809432,8.8107219,831-28-6965,137-827-9699,
104,Christophorus,Windley,cwindley2v@who.int,Ntag,,47239,Duisburg,55 Brentwood Hill,DE,51.3948213,6.6518329,393-09-5706,702-258-6251,https://yolasite.com
105,Cynthy,Mulhall,cmulhall2w@gizmodo.com,Voomm,true,66119,Saarbrücken,2 Schiller Drive,DE,49.2088164,7.0075837,479-68-5886,433-531-2609,
106,Yancy,MacPhail,ymacphail2x@reuters.com,Brainlounge,true,90411,Nürnberg,45715 Bay Way,DE,49.4904742,11.0986834,456-09-5736,859-832-6963,http://princeton.edu
107,Bliss,Outerbridge,bouterbridge2y@shinystat.com,Eamia,,30167,Hannover,15 6th Way,DE,52.3863062,9.7156831,529-50-6425,516-784-6408,https://pagesperso-orange.fr
108,Kylie,Skipp,kskipp2z@senate.gov,Skinix,false,14109,Berlin,88713 Paget Point,DE,52.415113,13.1468678,840-91-4147,432-329-9095,https://spotify.com
109,Ewart,Rymmer,erymmer30@pcworld.com,Edgetag,false,45473,Mülheim an der Ruhr,0156 Sugar Avenue,DE,51.441874,6.886548,332-34-2620,537-530-5920,https://phpbb.com
110,Dasha,Dovinson,ddovinson31@shop-pro.jp,Avaveo,true,97078,Würzburg,8 Manitowish Parkway,DE,49.8180135,9.9637931,671-43-7540,810-973-2628,http://mashable.com
111,Tremain,Adelman,tadelman32@constantcontact.com,Yacero,true,44629,Herne,87 Lyons Crossing,DE,51.5491768,7.2092264,162-43-1182,384-111-6702,
112,Avis,Cabrales,acabrales33@jalbum.net,Meemm,true,12683,Berlin,77002 Hovde Way,DE,52.4981613,13.5581889,308-47-1714,644-488-3432,
113,Kip,Hawsby,khawsby34@ucla.edu,Linktype,,42285,Wuppertal,8615 Quincy Alley,DE,51.256002,7.1736304,805-01-6904,415-259-0959,
114,Bertrand,Lester,blester35@github.com,Rhyloo,true,24118,Kiel,92439 Dottie Crossing,DE,54.3418823,10.1150681,474-41-9926,689-272-5450,https://qq.com
115,Durant,Boyton,dboyton36@printfriendly.com,Photobean,true,63456,Hanau,83642 Nancy Lane,DE,50.104315,8.911141,437-90-0594,142-939-7004,
116,Bonni,Langtree,blangtree37@loc.gov,Babbleblab,true,13409,Berlin,307 Macpherson Point,DE,52.5693104,13.3714743,753-76-6151,971-890-6177,
117,Benito,Flory,bflory38@homestead.com,Flashset,false,63073,Offenbach,3917 Helena Place,DE,50.0809432,8.8107219,607-29-9885,803-364-3691,http://4shared.com
118,Dimitry,Balcock,dbalcock39@army.mil,Eazzy,false,70180,Stuttgart Stuttgart-Mitte,430 American Way,DE,48.7643143,9.1752629,464-31-2710,472-859-8921,
119,Drucie,Vasyutochkin,dvasyutochkin3a@google.it,Rhyzio,false,10179,Berlin,178 Kim Terrace,DE,52.5121401,13.414046,378-44-5093,147-860-2373,http://ibm.com
120,Verla,Ludgate,vludgate3b@yellowbook.com,Dabfeed,false,45356,Essen,9361 Lighthouse Bay Trail,DE,51.4923815,6.9694303,530-41-6988,438-716-5122,http://blog.com
121,Webb,Bradford,wbradford3c@ibm.com,Linkbridge,,50674,Köln,8 Grayhawk Center,DE,50.9346454,6.9331365,693-34-3410,345-157-0058,http://state.tx.us
122,Felix,Karlik,fkarlik3d@jalbum.net,Jaxbean,false,40225,Düsseldorf,18727 Farragut Park,DE,51.1974375,6.7898817,322-30-0500,636-374-1917,
123,Arluene,Denisyev,adenisyev3e@accuweather.com,Blogpad,true,40591,Düsseldorf,6 Buell Place,DE,51.1879547,6.8173593,338-91-8834,484-280-8141,https://wikipedia.org
124,Morse,Latore,mlatore3f@merriam-webster.com,Divavu,,38126,Braunschweig,9 Sauthoff Court,DE,52.2346447,10.5665003,782-12-2700,224-553-6392,http://pen.io
125,Nil,Belk,nbelk3g@si.edu,Teklist,true,51107,Köln,32 Melrose Junction,DE,50.9173381,7.0902515,156-26-0164,542-528-1700,
126,Dominique,Corah,dcorah3h@instagram.com,Reallinks,true,63073,Offenbach,140 Crownhardt Park,DE,50.0809432,8.8107219,537-37-2301,428-187-0869,
127,Dewitt,Shimwell,dshimwell3i@pinterest.com,Thoughtworks,true,35687,Dillenburg,68144 Hanson Street,DE,50.7218455,8.3073813,664-47-6059,610-206-3205,
128,Shelli,Tayt,stayt3j@wordpress.com,Wordtune,true,40489,Düsseldorf,88902 Fallview Hill,DE,51.3305246,6.7625867,674-30-6706,271-737-5764,
129,Barth,Holby,bholby3k@clickbank.net,Dynava,false,41199,Mönchengladbach,50 Moulton Plaza,DE,51.1329676,6.4449432,849-58-9045,244-676-6332,
130,Mycah,Brastead,mbrastead3l@icio.us,Ozu,,09116,Chemnitz,04513 Jenifer Lane,DE,50.8290179,12.872972,437-87-4882,274-181-9195,
131,Shanon,Fricker,sfricker3m@army.mil,Zoombeat,true,40215,Düsseldorf,4009 Kropf Junction,DE,51.2149435,6.7825598,759-64-4535,135-514-5177,
132,Ronna,Cusiter,rcusiter3n@github.com,Jabberstorm,false,22179,Hamburg,706 Schmedeman Way,DE,53.607925,10.0852568,421-83-3462,919-795-5045,
133,Deane,Connop,dconnop3o@google.com.br,Jaxworks,false,22559,Hamburg,2463 Bobwhite Way,DE,53.5830905,9.7537598,331-83-4733,288-828-6318,
134,Freddy,Da Costa,fdacosta3p@cam.ac.uk,Livetube,,45149,Essen,25790 Morningstar Point,DE,51.4188047,6.9643749,526-65-1698,293-110-6269,
135,Frances,Erni,ferni3q@hostgator.com,InnoZ,true,51107,Köln,748 Rusk Terrace,DE,50.9173381,7.0902515,890-44-4772,168-990-6364,
136,Arley,Reignould,areignould3r@devhub.com,Voonyx,false,12437,Berlin,4 Esker Way,DE,52.4609077,13.4815474,663-19-1077,810-459-8555,
137,Clemmy,Grouse,cgrouse3s@storify.com,Oodoo,true,12307,Berlin,0793 Acker Alley,DE,52.3824851,13.3993839,120-47-2240,822-703-4439,
138,Curr,Falconer,cfalconer3t@hostgator.com,Thoughtstorm,true,22111,Hamburg,7 Clemons Hill,DE,53.5483785,10.078217,106-63-7600,583-882-0284,https://indiegogo.com
139,Daniel,Ballay,dballay3u@icio.us,Dabtype,false,44795,Bochum,30 Leroy Pass,DE,51.449197,7.1957779,564-39-6577,406-576-9529,http://usda.gov
140,Mirna,Agar,magar3v@fastcompany.com,Voonder,true,28239,Bremen,55 Sutherland Plaza,DE,53.132048,8.7398289,718-55-8309,310-822-6932,
141,Christi,Nickels,cnickels3w@addtoany.com,Demimbu,false,42349,Wuppertal,7 Talisman Trail,DE,51.2034374,7.1301012,563-89-1536,287-761-2662,
142,Elissa,Towll,etowll3x@howstuffworks.com,Voonte,true,86156,Augsburg,8118 Melvin Pass,DE,48.3920947,10.8553557,624-83-2659,141-820-4999,https://auda.org.au
143,Godfrey,Heckney,gheckney3y@sourceforge.net,Meemm,true,22041,Hamburg,2602 Heffernan Hill,DE,53.5754959,10.0807485,768-31-7738,203-662-5314,https://nytimes.com
144,Nollie,Schorah,nschorah3z@fotki.com,Realbridge,true,22559,Hamburg,6 1st Terrace,DE,53.5830905,9.7537598,221-93-8028,544-384-6594,https://goodreads.com
145,Ulrick,Crebo,ucrebo40@wp.com,Realpoint,true,52080,Aachen,29 Delaware Plaza,DE,50.7925769,6.1597163,722-39-1819,575-282-4365,https://sitemeter.com
146,Burch,Ginie,bginie41@usgs.gov,Feedspan,,20459,Hamburg Sankt Pauli,275 Monument Crossing,DE,53.5472987,9.9778279,350-65-6788,613-261-5374,http://microsoft.com
147,Jasmina,Belham,jbelham42@buzzfeed.com,Trupe,true,21037,Hamburg,68 Starling Parkway,DE,53.4460678,10.1569956,814-98-6614,339-869-1516,
148,Salome,Lapidus,slapidus43@bbc.co.uk,Jatri,,70180,Stuttgart Stuttgart-Mitte,1493 Hollow Ridge Alley,DE,48.7643143,9.1752629,459-01-8758,312-445-5991,
149,Loutitia,McVeighty,lmcveighty44@vimeo.com,Buzzbean,true,22179,Hamburg,66 Hansons Drive,DE,53.607925,10.0852568,761-11-7421,522-349-8693,
150,Winn,McPartlin,wmcpartlin45@pbs.org,Kaymbo,true,47239,Duisburg,0 Village Park,DE,51.3948213,6.6518329,678-67-0709,793-413-4772,
151,Hazel,Blackborn,hblackborn46@dmoz.org,Thoughtbeat,,59071,Hamm,691 Dovetail Way,DE,51.6813704,7.9085254,796-15-3545,159-261-5242,https://nasa.gov
152,Corinna,Orgill,corgill47@hatena.ne.jp,Feedspan,,48161,Münster,44 Sunfield Avenue,DE,51.9601912,7.5468477,349-42-7579,170-849-7344,
153,Webster,Mercer,wmercer48@sogou.com,Yakitri,false,24118,Kiel,88 Golf Course Point,DE,54.3418823,10.1150681,463-85-6160,332-874-1864,
154,Cathy,Mackin,cmackin49@apple.com,Camido,true,12169,Berlin,33 Larry Point,DE,52.4555293,13.339803,852-78-0303,109-638-8414,http://exblog.jp
155,Donni,Alenov,dalenov4a@odnoklassniki.ru,Kimia,false,01189,Dresden,9414 Becker Plaza,DE,51.0144934,13.6972162,854-27-2909,213-263-6916,http://apache.org
156,Barbie,Pray,bpray4b@tmall.com,Yadel,false,70190,Stuttgart,4 Buena Vista Plaza,DE,48.7893977,9.1962771,684-34-0191,906-123-3967,https://infoseek.co.jp
157,Philippe,Durand,pdurand4c@harvard.edu,Dynabox,true,60549,Frankfurt am Main,1946 Hagan Point,DE,50.041381,8.5800547,630-97-5538,810-365-6465,http://bandcamp.com
158,Katie,Alecock,kalecock4d@macromedia.com,Ailane,true,44369,Dortmund,3 Dovetail Lane,DE,51.5353894,7.4091222,498-65-9753,367-375-5845,
159,Kimball,Rawood,krawood4e@mysql.com,Brainbox,,22453,Hamburg,2 Daystar Junction,DE,53.6125259,9.9659855,102-05-5818,410-552-7845,
160,Valentine,Wilcocks,vwilcocks4f@wordpress.com,Skimia,true,04109,Leipzig,643 Continental Park,DE,51.3383504,12.3634475,813-19-6296,434-120-2373,
161,Hilliary,Duckworth,hduckworth4g@sfgate.com,Yacero,false,72768,Reutlingen,1 Mockingbird Way,DE,48.5373555,9.2004305,393-51-5554,138-634-0212,
162,Elvina,Heigl,eheigl4h@slideshare.net,Rhycero,true,86156,Augsburg,4261 Old Shore Circle,DE,48.3920947,10.8553557,399-18-6059,183-948-0401,
163,Deeyn,Wyd,dwyd4i@cnn.com,Ntag,false,76199,Karlsruhe,562 Old Shore Terrace,DE,48.9728482,8.4060268,103-22-7224,764-472-3421,
164,Wat,Rosin,wrosin4j@fema.gov,Skimia,true,03055,Cottbus,62486 Jay Way,DE,51.7941895,14.3056705,212-91-4381,170-209-4668,
165,Tim,Weeden,tweeden4k@phoca.cz,Skipstorm,false,01189,Dresden,698 Holmberg Alley,DE,51.0144934,13.6972162,537-70-6615,638-558-9146,http://columbia.edu
166,Luigi,Tuffrey,ltuffrey4l@cocolog-nifty.com,Skyndu,false,13509,Berlin,87 Glendale Junction,DE,52.5890862,13.3032995,744-56-9721,510-926-7958,
167,Prince,Riediger,priediger4m@hostgator.com,Quinu,true,90451,Nürnberg,918 Morningstar Plaza,DE,49.4025357,11.0502709,167-93-2247,379-510-9674,https://mediafire.com
168,Jarret,Farren,jfarren4n@1688.com,Jayo,true,20249,Hamburg,9 Golf Avenue,DE,53.5900195,9.9897946,425-99-4879,514-251-6115,
169,Thibaud,Bute,tbute4o@pcworld.com,Skidoo,false,48161,Münster,76 Mockingbird Circle,DE,51.9601912,7.5468477,421-98-2489,185-577-9414,
170,Dugald,Heynen,dheynen4p@slate.com,Teklist,true,45149,Essen,3797 Prairieview Pass,DE,51.4188047,6.9643749,126-88-6574,845-655-3600,
171,Silvan,Lante,slante4q@tmall.com,Podcat,false,52080,Aachen,628 Charing Cross Drive,DE,50.7925769,6.1597163,579-36-6135,295-857-6074,https://seattletimes.com
172,Lexi,Rigmand,lrigmand4r@amazon.co.uk,Skaboo,false,42659,Solingen,9 Fairfield Court,DE,51.1461168,7.1220857,466-54-2308,911-452-6631,
173,Gerard,Abrahamsen,gabrahamsen4s@chicagotribune.com,Trunyx,true,40489,Düsseldorf,873 Toban Road,DE,51.3305246,6.7625867,384-41-5943,997-788-7250,
174,Laughton,Thornthwaite,lthornthwaite4t@sitemeter.com,Dabjam,true,59071,Hamm,05089 Barnett Street,DE,51.6813704,7.9085254,439-27-4679,946-796-6936,
175,Romeo,Cousins,rcousins4u@aol.com,Rhycero,false,55124,Mainz,86 Sheridan Court,DE,50.0022253,8.1937267,539-46-8086,380-859-1971,
176,Art,Fishly,afishly4v@4shared.com,Yodoo,false,81373,München,65687 Morrow Avenue,DE,48.1214727,11.5322563,434-65-3738,681-731-4631,
177,Amitie,Batchley,abatchley4w@tuttocitta.it,Rhynoodle,true,24109,Kiel,1 Green Ridge Plaza,DE,54.3171885,10.0477345,558-22-1274,330-681-2002,https://surveymonkey.com
178,Ange,Clipston,aclipston4x@homestead.com,Meejo,false,22041,Hamburg,589 Delaware Drive,DE,53.5754959,10.0807485,583-34-0842,364-341-4158,
179,Tanya,Camel,tcamel4y@tripod.com,Riffpedia,false,09123,Chemnitz,835 Parkside Place,DE,50.7868675,12.8945945,301-93-8270,384-791-7112,https://com.com
180,Jereme,Casier,jcasier4z@state.tx.us,Divavu,true,30629,Hannover,757 Emmet Plaza,DE,52.3927372,9.8476686,524-18-9822,961-543-2202,
181,Filberte,Renowden,frenowden50@yahoo.co.jp,Devbug,,40489,Düsseldorf,678 Summit Hill,DE,51.3305246,6.7625867,365-36-6129,191-640-6261,https://chronoengine.com
182,Tuckie,Baylie,tbaylie51@parallels.com,Twinder,false,22111,Hamburg,8962 Mccormick Drive,DE,53.5483785,10.078217,840-85-9448,584-349-5251,
183,Cale,Oldfield,coldfield52@rediff.com,Dabfeed,,38126,Braunschweig,034 Garrison Junction,DE,52.2346447,10.5665003,814-17-6148,557-263-2723,
184,Flor,Kluge,fkluge53@fda.gov,Chatterbridge,true,47139,Duisburg,00778 Brickson Park Pass,DE,51.4758022,6.7112395,805-74-1279,100-829-4264,
185,Fanny,Keach,fkeach54@freewebs.com,Tanoodle,false,10179,Berlin,316 Hanover Court,DE,52.5121401,13.414046,447-74-5514,832-742-4145,https://is.gd
186,Sharai,Casellas,scasellas55@feedburner.com,Eadel,true,42349,Wuppertal,956 International Terrace,DE,51.2034374,7.1301012,761-85-0020,612-955-2860,https://salon.com
187,Sibylle,Peagram,speagram56@people.com.cn,Feedspan,,13599,Berlin,50539 Milwaukee Point,DE,52.5485032,13.2385645,265-89-1947,952-497-8487,
188,Cara,Labell,clabell57@pen.io,Mydo,false,14109,Berlin,43689 Muir Lane,DE,52.415113,13.1468678,792-15-1676,916-219-1890,
189,Maurits,Pinnell,mpinnell58@yandex.ru,Camimbo,true,35687,Dillenburg,1 Green Ridge Street,DE,50.7218455,8.3073813,526-05-5105,151-234-7732,http://gravatar.com
190,Ophelie,Blackmore,oblackmore59@cafepress.com,Topicshots,false,34132,Kassel,5857 Garrison Avenue,DE,51.2804955,9.4266475,639-09-6261,482-153-6165,http://ftc.gov
191,Bettine,Goadsby,bgoadsby5a@liveinternet.ru,Jabbertype,,79106,Freiburg im Breisgau,821 North Court,DE,48.0044582,7.8374651,731-96-2794,844-199-6298,
192,Maritsa,Herculeson,mherculeson5b@163.com,Voonyx,,44795,Bochum,31 Mccormick Pass,DE,51.449197,7.1957779,790-34-6151,586-596-9750,
193,Pen,Avarne,pavarne5c@yahoo.com,Zoomdog,false,20459,Hamburg Sankt Pauli,990 Vera Alley,DE,53.5472987,9.9778279,866-01-1736,323-879-9896,
194,Yolande,Pavlik,ypavlik5d@ucsd.edu,Tanoodle,,10587,Berlin,823 Portage Plaza,DE,52.5170826,13.3236611,549-60-0963,673-542-7880,
195,Marian,Durward,mdurward5e@soundcloud.com,Zoombeat,,20249,Hamburg Harvestehude,40195 Nova Avenue,DE,53.5900195,9.9897946,688-06-5175,461-562-6867,
196,Vale,Sanders,vsanders5f@elpais.com,Tagchat,true,45886,Gelsenkirchen,203 Messerschmidt Plaza,DE,51.4964248,7.1215271,252-78-0079,141-537-5065,http://buzzfeed.com
197,Phaedra,Deporte,pdeporte5g@sina.com.cn,Skibox,false,72768,Reutlingen,24 Arapahoe Point,DE,48.5373555,9.2004305,206-69-6107,937-172-3636,
198,Helga,Garr,hgarr5h@aol.com,Devshare,true,74080,Heilbronn,3 Hoffman Road,DE,49.1376432,9.1776059,506-21-2358,519-216-7584,http://live.com
199,Millicent,Pounds,mpounds5i@sbwire.com,Mymm,true,12045,Berlin,9 Fuller Pass,DE,52.4867189,13.4343715,192-68-7772,629-103-8598,
200,Lockwood,Mollin,lmollin5j@boston.com,Nlounge,false,45886,Gelsenkirchen,6 Grim Park,DE,51.4964248,7.1215271,596-61-9475,214-256-3606,https://php.net
